#route for camera in project. Each row indicates Point, where camera must go. Starting point is on lp = 0. Points must be in area of x= <-150,150>, y=<-150,150>, z=<-150,150>  ;
#is looking is boolean to indicate if camera in this part of route is looking on point  ;
#R1,R2,R3 means rotation in deg if isLookingOnPoint is equal to 0, or point camera is looking on otherwise  ;
lp;PositionX;PositionY;PositionZ;IsTeleported;Velocity;IsLookingOnPoint;R1;R2;R3 
0;0.00;0.00;0.00;0;0.00;0;0.00;0.00;0.00 
1;10.00;0.00;0.00;0;2.00;0;0.00;0.00;0.00 
2;10.00;10.00;0.00;0;2.00;0;0.00;0.00;90.00 
3;0.00;10.00;0.00;0;2.00;0;0.00;0.00;180.00 
4;-10.00;10.00;0.00;0;2.00;0;0.00;0.00;180.00 
5;-10.00;0.00;0.00;0;2.00;0;0.00;0.00;270.00 
6;-10.00;-10.00;0.00;0;2.00;0;0.00;0.00;270.00 
7;0.00;-10.00;0.00;0;2.00;0;0.00;0.00;0.00 
8;10.00;-10.00;0.00;0;2.00;0;0.00;0.00;0.00 
9;0.00;0.00;-75.00;0;25.00;1;0.00;0.00;76.00 
10;0.00;0.00;150.00;0;10.00;1;10.00;10.00;0.00 
11;150.00;150.00;150.00;0;5.00;1;0.00;0.00;0.00 
12;-150.00;-150.00;150.00;0;10.00;1;0.00;0.00;0.00 
13;-150.00;-150.00;-150.00;0;15.00;1;0.00;0.00;0.00 
14;150.00;150.00;-150.00;0;15.00;1;0.00;0.00;0.00 
15;-50.504727672675365;-89.2055902;-18.84765015;0;16.98;0;-111.00;44.00;89.00 
16;-62.1126684;-80.81009739;-18.29940313;0;1.48;0;-124.00;-3.00;-167.00 
17;-74.1722061;-71.15372503;-19.48961321;0;14.61;0;172.00;-141.00;92.00 
18;-83.91597328;-59.21025668;-19.27876029;0;14.05;0;-65.00;134.00;-136.00 
19;-91.2507477;-46.79650777;-18.44922018;0;9.13;1;-146.00;-164.00;-126.00 
20;-98.19494407;-33.60232507;-18.42410571;0;18.65;1;-12.00;102.00;-42.00 
21;-100.2148868;25.90748298;-19.86356068;0;7.84;1;-153.00;88.00;-72.00 
22;-95.7737668;40.89054429;-19.35575768;0;11.92;0;157.00;48.00;-79.00 
23;-87.98374272;54.54600844;-19.57840677;0;1.15;1;-64.00;25.00;-118.00 
24;-80.10924171;66.24443718;-18.54803928;0;5.80;0;88.00;127.00;169.00 
25;-69.35311655;77.49071051;-18.33988391;0;2.79;0;-146.00;-169.00;99.00 
26;-56.95534826;86.31422495;-18.63207558;0;6.51;1;147.00;-112.00;-64.00 
27;-43.93315011;94.26418241;-18.44038019;0;2.85;0;-177.00;-39.00;-107.00 
28;-30.49584179;99.14774768;-18.88096099;0;15.48;1;-45.00;41.00;117.00 
29;0.987312889;100.3721538;-33.73558703;0;1.19;1;158.00;-163.00;174.00 
30;15.26896406;97.87352667;-33.18331542;0;5.93;1;167.00;-57.00;128.00 
31;29.7479989;95.56425226;-34.27638529;0;20.43;1;120.00;70.00;-45.00 
32;44.89730822;88.16867139;-33.6491247;0;20.90;0;-178.00;8.00;165.00 
33;56.95866839;81.22993027;-34.0492808;0;4.98;0;-131.00;133.00;134.00 
34;69.83711108;71.99667522;-33.35457859;0;3.86;1;-71.00;50.00;-79.00 
35;79.93507042;59.42873199;-34.47736616;0;10.52;1;-178.00;21.00;-46.00 
36;87.92128936;47.95197689;-33.13772558;0;11.91;0;-64.00;-9.00;-128.00 
37;92.75803583;33.54698971;-33.80544711;0;10.39;0;-25.00;-150.00;-112.00 
38;97.76603478;18.18329714;-33.82786833;0;1.60;1;64.00;-99.00;55.00 
39;98.47434674;4.045961365;-33.35392514;0;4.48;1;-91.00;-88.00;40.00 
40;98.49002224;-10.50571188;-33.00760538;0;8.34;1;72.00;43.00;32.00 
41;95.05869336;-27.23317428;-33.52484348;0;2.06;1;73.00;97.00;120.00 
42;91.22357093;-41.5908904;-33.72385314;0;10.94;1;-81.00;-60.00;-12.00 
43;82.7882105;-54.29746943;-33.13161723;0;18.69;0;-101.00;70.00;-98.00 
44;74.73645952;-66.14466444;-33.53801489;0;2.25;1;-26.00;-43.00;-43.00 
45;62.53379986;-75.68740061;-33.91701425;0;1.56;1;-144.00;125.00;-53.00 
46;51.36366669;-85.86498358;-33.05150517;0;2.83;0;-79.00;-144.00;-157.00 
47;37.5358087;-93.04718462;-34.8548801;0;10.66;0;-100.00;-166.00;25.00 
48;23.45840743;-96.42376099;-34.22993957;0;5.60;0;-59.00;30.00;-78.00 
49;6.782741926;-100.0731446;-34.76837814;0;3.45;0;-88.00;-67.00;28.00 
50;-7.486850489;-98.20199818;-34.24972733;0;6.99;1;-102.00;-109.00;-84.00 
51;-23.09575371;-97.08828306;-34.60558226;0;15.83;1;-27.00;179.00;-128.00 
52;-37.66879194;-91.28432023;-34.52781975;0;16.89;0;-70.00;-143.00;-28.00 
53;-51.60958347;-84.80876657;-33.61177114;0;11.91;0;-164.00;-172.00;-34.00 
54;-63.73575187;-77.52695069;-33.48610401;0;17.54;0;-170.00;-146.00;-105.00 
55;-74.34604387;-66.44075233;-33.01681451;0;9.91;1;-115.00;26.00;97.00 
56;-83.76944502;-53.29500533;-34.74085026;0;11.16;1;-129.00;-108.00;132.00 
57;-89.69919544;-41.47024251;-33.84581524;0;15.80;0;96.00;158.00;134.00 
58;-94.928786;-25.6672076;-34.03561444;0;10.07;1;-107.00;-85.00;76.00 
59;-98.27687134;-11.2837161;-33.42793175;0;1.40;1;-81.00;-117.00;-152.00 
60;-98.94118855;4.179044691;-34.26667142;0;1.64;0;-105.00;-178.00;-35.00 
61;-97.35394776;19.22624217;-33.51649693;0;21.00;0;-24.00;109.00;-37.00 
62;-94.43530596;33.37907332;-33.22420806;0;18.17;1;170.00;-157.00;5.00 
63;-87.88773081;47.52910375;-33.77699795;0;17.01;1;14.00;-9.00;-76.00 
64;-79.67761162;59.73861833;-34.24452555;0;19.86;0;72.00;-157.00;129.00 
65;-69.38002645;72.20849129;-34.73241154;0;8.51;1;175.00;160.00;-33.00 
66;-56.64157012;82.01524377;-34.14525395;0;16.23;1;-86.00;159.00;86.00 
67;-43.8234235;88.6037087;-33.12492393;0;12.86;0;-169.00;31.00;-59.00 
68;-29.97391156;94.9841121;-33.43561849;0;17.05;1;-157.00;-11.00;-179.00 
69;-14.22598844;99.16209534;-34.39029037;0;6.87;1;160.00;8.00;-18.00 
70;-0.156521153;98.39591962;-33.88351915;0;13.61;1;171.00;73.00;-41.00 
71;14.42537295;97.42396179;-34.65819952;0;10.93;1;-65.00;-69.00;44.00 
72;0.878435871;92.43552563;-47.64399072;0;11.64;0;13.00;155.00;-128.00 
73;14.42362226;92.13170893;-48.91071691;0;16.92;1;-110.00;-152.00;-135.00 
74;30.28591596;87.86794422;-47.12542955;0;3.76;0;-25.00;-27.00;111.00 
75;42.85241941;83.30836178;-47.31934731;0;16.66;1;151.00;94.00;-29.00 
76;56.63972193;74.9639292;-47.06100808;0;11.80;1;37.00;109.00;29.00 
77;66.86080958;64.69642545;-48.51061772;0;3.60;0;-53.00;129.00;21.00 
78;77.54506256;52.14543491;-47.31496638;0;2.37;0;-67.00;-137.00;-50.00 
79;84.33874883;39.42375463;-48.70757141;0;13.59;1;25.00;160.00;56.00 
80;89.08901458;26.78049807;-48.06310935;0;11.45;1;31.00;-103.00;-18.00 
81;92.49998488;10.87178286;-48.32426527;0;2.23;1;-60.00;-77.00;-22.00 
82;94.14865093;-4.25841772;-48.9614884;0;5.29;1;131.00;-101.00;-79.00 
83;91.18156393;-19.3703652;-48.09419769;0;9.81;0;-86.00;-115.00;137.00 
84;86.47271155;-33.48864301;-48.46728582;0;20.85;0;86.00;-126.00;-148.00 
85;80.4886377;-45.7447577;-48.68891915;0;14.17;1;-16.00;-143.00;-152.00 
86;72.75533857;-58.56512723;-48.14854705;0;9.91;1;-28.00;74.00;73.00 
87;61.82423251;-69.44907156;-48.13173438;0;9.15;0;-15.00;18.00;-9.00 
88;49.36517769;-78.59560708;-47.33303129;0;9.03;1;-165.00;-49.00;-94.00 
89;36.44852998;-86.13064232;-47.29063928;0;13.96;1;-18.00;-86.00;137.00 
90;23.23122698;-91.25647849;-49.00363527;0;12.09;0;-6.00;36.00;29.00 
91;7.134441098;-93.05139472;-48.6418451;0;19.99;0;13.00;124.00;-119.00 
92;-7.004532739;-92.52529724;-47.62567104;0;14.47;1;180.00;129.00;168.00 
93;-21.8933658;-90.84530865;-47.8500156;0;19.70;1;86.00;166.00;-44.00 
94;-37.04037618;-85.84905867;-48.38616229;0;1.76;0;117.00;-123.00;-53.00 
95;-50.55545297;-79.29940153;-47.53214885;0;17.01;0;-9.00;-163.00;65.00 
96;-61.63714478;-69.02699726;-48.00098475;0;4.15;1;95.00;81.00;78.00 
97;-71.47279176;-59.65676253;-47.80680224;0;5.92;1;63.00;-47.00;-74.00 
98;-81.85717433;-46.02021158;-47.92912819;0;15.74;0;-138.00;-23.00;14.00 
99;-87.49969003;-33.03534154;-47.04974462;0;2.15;1;76.00;134.00;-144.00 
100;-91.0446354;-17.89417226;-48.22728362;0;15.10;0;-162.00;149.00;-54.00 
101;-93.60085439;-3.478051667;-47.34856988;0;10.09;0;-145.00;29.00;-108.00 
102;-92.67623695;11.55924475;-47.68474842;0;20.97;0;108.00;164.00;-135.00 
103;-89.32312406;26.69928421;-47.20022476;0;8.25;1;-146.00;-20.00;113.00 
104;-84.04802553;39.37979328;-47.17111977;0;12.38;1;-11.00;83.00;129.00 
105;-77.0276131;53.04764172;-48.25042973;0;7.07;0;-88.00;-151.00;-139.00 
106;-67.69157252;64.63670716;-48.52805789;0;20.80;1;26.00;110.00;49.00 
107;-55.66403317;74.33489992;-48.76513702;0;3.92;1;-111.00;37.00;170.00 
108;-42.80937694;83.04847917;-48.00309426;0;10.95;0;-43.00;-6.00;123.00 
109;-29.22790517;87.71198397;-47.88136933;0;3.61;1;3.00;-119.00;26.00 
110;-14.02131873;92.5019212;-47.11094577;0;8.89;1;-89.00;-36.00;-40.00 
111;0.129153237;93.75922438;-48.76872111;0;17.50;1;53.00;69.00;-107.00 
112;14.65172985;92.59775031;-48.65462593;0;3.95;1;-147.00;-176.00;-71.00 
113;30.51695377;89.16500946;-47.85784518;0;3.53;0;104.00;27.00;-157.00 
114;42.53338755;83.40734633;-48.66914882;0;7.27;1;2.00;102.00;-9.00 
115;0.460150219;84.56497286;-61.63732627;0;13.20;1;-50.00;-42.00;125.00 
116;15.0741791;83.6092146;-61.85061148;0;15.23;1;163.00;-149.00;-125.00 
117;29.86716984;79.98077851;-61.09982577;0;11.38;0;-98.00;160.00;-141.00 
118;44.27227032;72.6000154;-60.42895334;0;11.80;0;96.00;9.00;42.00 
119;57.08528614;63.6194264;-60.25778899;0;2.93;0;-125.00;16.00;25.00 
120;67.59971061;54.09814707;-60.60589197;0;12.38;1;-52.00;-68.00;112.00 
121;74.40960461;40.54573928;-60.72238846;0;10.13;1;-32.00;-79.00;-132.00 
122;81.98751245;27.36662678;-61.79037172;0;20.09;1;108.00;67.00;179.00 
123;85.08072859;11.5361453;-60.7475236;0;6.77;1;173.00;-28.00;25.00 
124;85.02741688;-2.926445628;-61.92668969;0;15.67;1;-45.00;143.00;157.00 
125;83.6559005;-18.20802172;-61.93145416;0;18.71;0;-53.00;22.00;146.00 
126;79.36924064;-32.69745389;-61.5827369;0;12.07;0;-27.00;67.00;-80.00 
127;71.82944167;-47.4038193;-61.94531206;0;3.09;1;-174.00;-56.00;-117.00 
128;61.38194413;-58.37619166;-61.6822663;0;13.15;0;95.00;98.00;179.00 
129;51.01403903;-68.74061138;-61.50245882;0;4.91;0;-98.00;20.00;163.00 
130;36.17982619;-77.24212525;-60.34999212;0;11.27;0;54.00;170.00;-40.00 
131;23.42399933;-81.75386732;-60.75835371;0;11.97;0;-135.00;132.00;-43.00 
132;6.866603216;-84.94616138;-60.48622006;0;13.08;1;-111.00;175.00;18.00 
133;-8.356607981;-85.01864347;-60.65603729;0;9.20;0;-159.00;-26.00;111.00 
134;-22.33055932;-81.53262806;-60.66088996;0;6.34;1;20.00;94.00;-38.00 
135;-37.46088308;-76.23730003;-61.56160677;0;4.11;0;10.00;27.00;-153.00 
136;-50.91770568;-68.34875994;-60.67248538;0;19.09;1;-146.00;-51.00;179.00 
137;-60.88577447;-59.40096907;-61.3581158;0;20.13;1;-99.00;-94.00;-148.00 
138;-71.50442924;-47.52326139;-60.99586153;0;16.00;0;-111.00;-17.00;109.00 
139;-77.80005415;-33.57725969;-60.26128157;0;4.62;1;135.00;-96.00;-61.00 
140;-82.74378913;-18.12360097;-62.04608641;0;15.48;0;56.00;-25.00;-114.00 
141;-86.20191792;-4.208117433;-61.31699275;0;17.64;1;159.00;-137.00;-42.00 
142;-85.0000075;11.36281678;-60.54657115;0;20.99;1;57.00;-97.00;-113.00 
143;-81.5896972;26.40861261;-61.69717081;0;7.18;1;-28.00;-81.00;64.00 
144;-76.06458752;41.39153514;-61.37246798;0;20.33;1;-53.00;122.00;-100.00 
145;-65.77038573;52.82716702;-60.60829779;0;11.07;0;43.00;160.00;-94.00 
146;-55.78350206;63.63632922;-60.26634325;0;14.02;0;-101.00;53.00;57.00 
147;-42.86970797;73.40233993;-60.403312;0;4.14;1;23.00;-2.00;-116.00 
148;-30.84767744;79.27029377;-61.99751814;0;1.78;0;11.00;-50.00;83.00 
149;-16.05378331;84.91440036;-60.90097375;0;19.07;1;-165.00;118.00;98.00 
150;-0.858370892;85.93104746;-61.77057585;0;17.73;1;116.00;-56.00;-34.00 
151;14.28665396;83.26903275;-61.55029338;0;18.31;0;-164.00;32.00;-156.00 
152;30.3984877;79.63900828;-61.96971318;0;5.90;1;-109.00;143.00;155.00 
153;43.52566602;73.10669016;-61.37842478;0;3.01;0;75.00;-26.00;-91.00 
154;56.8257839;64.0528923;-61.68128951;0;4.92;1;20.00;26.00;51.00 
155;67.58424462;52.65653915;-61.16317394;0;5.13;0;157.00;-36.00;149.00 
156;75.07097373;41.45851174;-61.9012448;0;17.46;1;-59.00;85.00;-161.00 
157;80.61545217;25.93165835;-62.07299935;0;14.08;1;107.00;-33.00;70.00 
158;0.770012076;75.97685464;-72.49926426;0;17.44;1;39.00;-7.00;73.00 
159;15.1748248;73.14373304;-73.40516242;0;16.66;1;14.00;110.00;-40.00 
160;29.44845611;69.39326371;-73.15812844;0;18.52;0;-23.00;-19.00;-129.00 
161;42.63728834;62.27289731;-72.12763142;0;10.14;0;77.00;37.00;136.00 
162;53.81074978;52.62061769;-73.8135129;0;14.33;0;40.00;30.00;-146.00 
163;63.29743994;39.47016873;-72.62303065;0;14.27;1;80.00;-72.00;-130.00 
164;70.56828792;26.56548315;-73.70838958;0;13.96;0;-98.00;-18.00;-8.00 
165;74.80356006;11.95376603;-72.52704235;0;9.99;0;-45.00;8.00;-5.00 
166;75.92408184;-3.019146306;-73.65187588;0;9.88;0;23.00;46.00;0.00 
167;72.63727203;-18.23095865;-72.35319311;0;10.68;0;84.00;-124.00;-8.00 
168;67.69329566;-33.06097635;-72.38791388;0;8.04;0;36.00;-115.00;-35.00 
169;60.679081;-45.97648401;-73.74165538;0;12.68;0;-164.00;74.00;-60.00 
170;50.13533318;-56.58785905;-72.35638164;0;18.96;0;-66.00;-8.00;40.00 
171;37.13276005;-66.55846687;-72.10511984;0;8.91;1;131.00;-157.00;-16.00 
172;21.72097526;-72.22150836;-72.7384439;0;7.47;0;-18.00;6.00;175.00 
173;7.715032329;-75.53571924;-72.55026837;0;16.07;0;12.00;-133.00;-172.00 
174;-6.780992003;-75.68541949;-73.17425989;0;8.17;1;7.00;-171.00;116.00 
175;-23.46612427;-71.72461357;-71.92289367;0;15.62;1;14.00;9.00;144.00 
176;-36.78800234;-66.7973969;-72.17067759;0;13.24;0;-67.00;-166.00;101.00 
177;-49.44651901;-57.11788233;-72.62348176;0;9.29;1;-143.00;35.00;-155.00 
178;-60.15841966;-46.73395934;-73.25132898;0;6.32;1;62.00;-117.00;-2.00 
179;-68.07787997;-33.65076911;-72.56696012;0;13.57;0;-56.00;-93.00;-50.00 
180;-72.34777501;-18.10468196;-73.70259233;0;2.13;1;-5.00;-148.00;123.00 
181;-76.25504033;-4.6119948;-73.29208184;0;5.56;0;171.00;-78.00;136.00 
182;-74.46264581;10.49651633;-73.45518398;0;4.83;1;-108.00;52.00;-12.00 
183;-70.28471383;25.35145903;-72.10094802;0;5.37;1;-126.00;72.00;-54.00 
184;-64.73791764;39.82697931;-73.30694072;0;2.77;0;-34.00;-37.00;-27.00 
185;-54.62965428;52.24447458;-72.33055402;0;1.47;0;52.00;29.00;18.00 
186;-42.42866928;62.63902968;-73.83098077;0;13.05;0;127.00;-38.00;40.00 
187;-29.51725873;68.60298777;-72.96283806;0;8.89;1;141.00;-161.00;-132.00 
188;-15.15915547;73.46637721;-72.42374532;0;6.96;1;-41.00;55.00;171.00 
189;0.389241957;75.40249505;-72.41990093;0;5.22;0;123.00;-141.00;-135.00 
190;15.50328289;74.10192633;-72.71670588;0;1.54;1;17.00;36.00;-114.00 
191;30.32650415;68.98044162;-71.98558585;0;13.75;0;7.00;-168.00;-59.00 
192;43.17366358;61.9643997;-73.75677594;0;17.10;1;93.00;-123.00;-36.00 
193;53.90362286;52.97775418;-72.25837389;0;9.68;1;-56.00;121.00;-113.00 
194;64.57864965;39.57944169;-73.1252497;0;11.39;1;-52.00;179.00;90.00 
195;70.79875788;25.6151426;-72.52805349;0;16.85;1;121.00;74.00;143.00 
196;74.83155431;11.55687825;-73.14513005;0;15.37;1;-128.00;113.00;-88.00 
197;75.12590278;-3.624413746;-73.69370815;0;19.40;0;91.00;106.00;-173.00 
198;73.15477593;-19.47720868;-72.7932144;0;13.58;1;30.00;174.00;162.00 
199;67.95257714;-33.97466793;-72.11937696;0;12.27;0;-51.00;154.00;27.00 
200;60.65600081;-47.18776879;-73.63762721;0;7.85;0;-124.00;6.00;4.00 
201;0.389400076;64.32249556;-83.08279523;0;10.85;1;166.00;-160.00;147.00 
202;14.48265231;63.28483538;-83.46176806;0;1.90;0;111.00;-36.00;-60.00 
203;30.66421;57.44736229;-82.36926943;0;18.67;0;-65.00;88.00;53.00 
204;42.19262473;48.63922604;-84.08790833;0;15.71;0;133.00;-114.00;33.00 
205;51.83309047;35.65080587;-82.99283838;0;3.37;0;-49.00;-85.00;-157.00 
206;60.3002151;22.34083957;-83.35046837;0;18.04;0;-98.00;155.00;16.00 
207;62.9240979;7.999488306;-82.9441616;0;16.85;0;45.00;150.00;69.00 
208;63.90943563;-8.685978482;-82.17273672;0;1.20;0;143.00;-49.00;-174.00 
209;60.67936644;-22.44491809;-82.5830944;0;7.80;0;-169.00;-83.00;78.00 
210;52.73897273;-36.33867206;-83.79966371;0;20.76;1;79.00;122.00;2.00 
211;43.04044317;-48.22349152;-82.50033397;0;11.51;0;-69.00;-12.00;108.00 
212;29.47641757;-56.58853286;-83.59634849;0;13.69;1;141.00;-142.00;-81.00 
213;14.97679757;-62.07882489;-82.82409735;0;13.55;1;-123.00;56.00;11.00 
214;-0.954770642;-63.19560142;-82.4094841;0;14.75;0;151.00;107.00;-9.00 
215;-14.8248514;-63.18930228;-83.48230121;0;1.35;1;44.00;43.00;-104.00 
216;-30.73420501;-55.96872794;-83.44370508;0;3.55;1;-66.00;87.00;-70.00 
217;-43.21620204;-48.03464479;-83.96323995;0;11.95;0;0.00;178.00;88.00 
218;-53.77970455;-36.05424031;-82.6141651;0;5.75;1;-49.00;167.00;130.00 
219;-60.75183371;-22.25045283;-84.0717683;0;7.80;1;138.00;-107.00;-24.00 
220;-63.94747765;-8.091495991;-84.00387092;0;13.95;1;57.00;-46.00;-134.00 
221;-63.30642345;8.078032093;-83.09989923;0;16.30;1;138.00;2.00;58.00 
222;-59.79115016;22.01608625;-82.53369667;0;1.12;0;-115.00;-78.00;84.00 
223;-52.22270481;36.75316628;-83.50275216;0;17.40;1;-37.00;-33.00;-155.00 
224;-42.41925152;48.72920077;-82.43305534;0;5.57;1;6.00;-14.00;119.00 
225;-30.72011104;56.20168576;-83.89483156;0;16.22;0;-4.00;-124.00;-74.00 
226;-14.7241163;61.42338306;-82.30315016;0;10.51;0;154.00;-24.00;-150.00 
227;-0.585509848;63.84938436;-83.84593763;0;17.68;0;-129.00;-59.00;28.00 
228;15.85312812;62.94765656;-82.81892279;0;1.40;1;-46.00;100.00;-15.00 
229;29.59743604;57.22517742;-82.76072478;0;6.93;0;44.00;-94.00;68.00 
230;41.76168382;48.34844081;-82.72944127;0;5.83;1;139.00;-34.00;-97.00 
231;53.30715355;36.03899704;-83.49254882;0;7.97;0;-13.00;158.00;-64.00 
232;59.50479514;23.3351177;-82.50561738;0;5.42;1;-36.00;1.00;75.00 
233;63.71227976;6.92216363;-83.48533457;0;4.08;0;-30.00;90.00;-109.00 
234;63.85371944;-6.775023669;-83.07956354;0;11.89;1;55.00;-98.00;-158.00 
235;59.08724584;-23.04604903;-82.46037307;0;16.56;1;43.00;-127.00;25.00 
236;51.91910411;-35.69687999;-82.13052641;0;2.61;0;6.00;21.00;-29.00 
237;42.68647183;-48.38590409;-83.11767748;0;15.33;1;-114.00;36.00;-128.00 
238;29.38923591;-56.98086072;-82.57925046;0;3.55;1;-180.00;-138.00;-155.00 
239;15.22193814;-61.46164278;-82.5427451;0;18.31;0;92.00;-22.00;-122.00 
240;0.445394941;-63.70415951;-83.89106291;0;10.20;0;95.00;21.00;-180.00 
241;-15.97244043;-62.88453828;-82.5101444;0;20.48;0;-97.00;-76.00;-113.00 
242;-29.66975932;-56.30865748;-83.53948914;0;14.29;0;36.00;95.00;68.00 
243;-42.25324192;-47.57780116;-83.68788963;0;11.63;0;125.00;57.00;-66.00 
244;0.992666252;51.36667926;-90.86567949;0;1.50;0;-161.00;-78.00;3.00 
245;15.17841156;48.9739841;-91.57023015;0;8.28;0;-87.00;-112.00;83.00 
246;28.77870195;42.76569075;-90.62624745;0;11.28;1;-43.00;-100.00;73.00 
247;40.59032192;32.86433752;-90.86187982;0;2.92;0;-102.00;104.00;-97.00 
248;48.06124324;19.62446773;-90.78586294;0;20.03;0;-153.00;-159.00;-134.00 
249;51.27796051;4.753607345;-90.68633155;0;17.90;1;35.00;-138.00;149.00 
250;49.47400899;-10.76404279;-91.45201729;0;5.58;1;-22.00;0.00;35.00 
251;43.89030597;-26.50351801;-92.17519135;0;1.50;1;8.00;-3.00;-163.00 
252;34.38020547;-37.09574518;-92.04319704;0;4.11;1;145.00;-82.00;104.00 
253;21.47517142;-46.11477421;-92.30820469;0;12.10;1;-39.00;121.00;59.00 
254;7.960337689;-49.88266556;-91.22119656;0;4.14;0;93.00;122.00;-154.00 
255;-8.437269105;-50.32353258;-90.62610452;0;10.67;1;-103.00;-37.00;-11.00 
256;-23.06562209;-46.53203139;-91.46409976;0;8.26;1;-163.00;-132.00;-124.00 
257;-35.71872829;-37.70075267;-91.17059702;0;13.05;1;12.00;135.00;107.00 
258;-44.97688921;-24.88449786;-91.9922112;0;19.27;1;-20.00;138.00;136.00 
259;-49.29345029;-12.13051949;-90.62992063;0;7.60;1;46.00;-79.00;-27.00 
260;-50.56966775;4.496062772;-90.95068787;0;19.43;1;79.00;-178.00;155.00 
261;-48.69295401;17.92194897;-92.30156848;0;5.23;0;-60.00;-148.00;155.00 
262;-40.90779075;32.80009764;-90.66610109;0;4.55;0;110.00;102.00;-97.00 
263;-29.33773643;42.57577087;-92.08582928;0;16.75;0;-129.00;145.00;-111.00 
264;-14.70072676;48.33828251;-91.02856923;0;16.79;0;-31.00;-106.00;11.00 
265;-0.772840792;51.37129836;-91.34945929;0;12.86;0;43.00;171.00;155.00 
266;15.9045718;48.7242879;-91.32580598;0;5.48;1;125.00;-137.00;-141.00 
267;28.21415226;41.52157372;-91.30389411;0;10.84;0;95.00;-7.00;142.00 
268;40.80687514;32.85673423;-91.9677153;0;9.93;0;-52.00;-30.00;91.00 
269;47.84812268;19.49384943;-91.99619224;0;4.10;1;-97.00;163.00;18.00 
270;50.71248651;4.220569756;-90.90181163;0;5.91;0;38.00;97.00;15.00 
271;50.16133902;-11.67041347;-91.57397468;0;19.81;0;64.00;42.00;64.00 
272;44.97347489;-25.65114011;-92.39796745;0;16.72;0;-147.00;45.00;101.00 
273;34.19719118;-37.71985824;-91.91035812;0;17.85;0;88.00;177.00;-42.00 
274;21.59377221;-47.17196807;-91.40740261;0;18.26;1;68.00;-153.00;-150.00 
275;7.92311651;-51.72758486;-91.70391094;0;1.10;1;-14.00;78.00;43.00 
276;-8.181445113;-51.77785453;-92.45661288;0;6.83;1;-114.00;165.00;149.00 
277;-22.48601455;-46.39827231;-91.68458839;0;9.96;0;-46.00;11.00;-62.00 
278;-35.01347666;-38.55572742;-90.60166296;0;3.24;1;7.00;93.00;-151.00 
279;-44.91873167;-24.73049127;-92.0470803;0;15.82;1;90.00;165.00;24.00 
280;-49.89465879;-10.58258202;-92.17907109;0;13.20;1;100.00;-58.00;-2.00 
281;-50.6320118;3.448249356;-91.89897749;0;18.84;0;-92.00;-172.00;134.00 
282;-47.67159281;18.14085053;-90.8574742;0;2.54;0;19.00;-156.00;-17.00 
283;-39.22484793;32.88271289;-90.73618165;0;16.29;1;10.00;-52.00;83.00 
284;-28.13395294;41.83404644;-90.8432805;0;1.47;1;75.00;-145.00;-95.00 
285;-15.58757181;49.50733943;-92.56018031;0;4.70;1;-123.00;-7.00;60.00 
286;0.623713354;51.85943915;-92.23211365;0;18.57;1;-119.00;-167.00;131.00 
287;0.009380508;37.16298734;-97.6348181;0;13.68;0;-119.00;151.00;151.00 
288;14.79246582;33.27474234;-98.89564024;0;7.18;1;85.00;-34.00;35.00 
289;28.43206464;24.33327469;-97.45007079;0;19.37;1;96.00;-76.00;-125.00 
290;35.34511151;11.73657999;-98.75261168;0;14.47;0;-110.00;150.00;3.00 
291;37.89980416;-3.014669809;-97.4013363;0;1.09;1;11.00;179.00;103.00 
292;32.37863096;-18.77183487;-98.58831836;0;20.89;0;84.00;-28.00;-48.00 
293;21.56634134;-30.72516284;-98.02812703;0;3.96;0;-55.00;133.00;-105.00 
294;8.53659179;-36.04992514;-98.48701972;0;10.89;1;162.00;-81.00;25.00 
295;-8.150187664;-37.36316625;-98.44909837;0;9.45;0;-173.00;30.00;28.00 
296;-22.95333859;-29.64700001;-98.90306959;0;5.24;1;-104.00;61.00;133.00 
297;-33.05773082;-19.53792379;-98.45175324;0;8.54;0;-147.00;139.00;-75.00 
298;-37.63840117;-3.289199709;-97.93388339;0;16.99;1;-84.00;-168.00;-79.00 
299;-35.993423;10.66049204;-97.35151746;0;15.74;0;29.00;-5.00;-42.00 
300;-27.0205294;25.69782206;-98.4462399;0;2.95;1;138.00;57.00;-12.00 
301;-15.65302043;35.05006649;-97.50395702;0;10.83;1;164.00;4.00;62.00 
302;0.139896027;38.41616488;-98.2673728;0;13.58;0;-170.00;-55.00;-138.00 
303;15.50103551;33.73178185;-98.40241258;0;4.68;0;57.00;107.00;111.00 
304;27.47757662;25.74781656;-97.15422952;0;12.82;0;79.00;100.00;20.00 
305;35.81141741;11.35011249;-97.97249602;0;20.40;1;68.00;99.00;146.00 
306;38.17523723;-3.808453135;-98.97465145;0;15.51;1;-127.00;-12.00;155.00 
307;33.34620951;-18.82864906;-97.24800334;0;18.16;0;131.00;92.00;176.00 
308;22.10667959;-30.83008056;-98.09607202;0;8.45;0;164.00;168.00;143.00 
309;7.089624339;-37.40481732;-98.91021337;0;16.60;0;65.00;-122.00;76.00 
310;-7.235682228;-35.72171259;-98.01776574;0;7.34;1;-101.00;-92.00;-2.00 
311;-21.93574393;-30.77664875;-97.1538569;0;3.20;0;38.00;-120.00;-158.00 
312;-31.57144003;-19.68059937;-97.2657132;0;12.57;0;152.00;-120.00;-102.00 
313;-36.79919928;-4.393144402;-98.04670941;0;8.64;1;179.00;-64.00;150.00 
314;-35.28971975;11.29753437;-97.24237007;0;17.56;0;46.00;60.00;24.00 
315;-26.98322726;25.21730533;-97.91372102;0;18.49;1;-60.00;-153.00;58.00 
316;-14.90070624;35.1403712;-98.62982797;0;6.31;1;84.00;-164.00;-168.00 
317;0.803195032;37.58188999;-99.00374534;0;3.37;0;67.00;24.00;73.00 
318;14.33542344;33.49857787;-98.66818969;0;8.27;1;75.00;-47.00;102.00 
319;27.05467696;24.91464507;-97.52597546;0;8.49;1;8.00;126.00;-70.00 
320;36.07195648;10.66711781;-97.32740524;0;2.16;1;-73.00;156.00;-159.00 
321;37.29995063;-4.301371234;-97.20442162;0;20.65;0;-33.00;56.00;-77.00 
322;32.75123836;-19.11422732;-98.91008415;0;9.23;1;140.00;-139.00;155.00 
323;21.16403092;-29.51576883;-98.45892885;0;12.23;1;112.00;110.00;-160.00 
324;7.847375195;-37.03803915;-97.73665397;0;8.50;0;163.00;126.00;-145.00 
325;-7.869477695;-36.46852196;-97.75006393;0;14.66;1;135.00;-13.00;-178.00 
326;-21.37662231;-29.68101226;-99.0279723;0;17.64;0;-164.00;72.00;-129.00 
327;-32.37627748;-17.81036288;-97.67393683;0;2.45;0;-9.00;149.00;-179.00 
328;-36.7409036;-4.096650311;-97.94146309;0;7.62;1;156.00;137.00;24.00 
329;-34.72713388;12.52468165;-98.319297;0;10.23;1;-47.00;111.00;-133.00 
330;0.894389006;70.4874123;96.96400723;0;6.65;0;7.00;9.00;-70.00 
331;14.62477877;68.35881957;97.22237876;0;4.49;1;-171.00;-110.00;130.00 
332;29.08417022;64.87495239;98.06396022;0;18.53;0;-88.00;-152.00;-32.00 
333;42.46602634;55.28512015;97.38700333;0;19.92;0;59.00;40.00;-85.00 
334;53.38357783;46.56644124;97.80186083;0;8.28;1;-20.00;19.00;68.00 
335;62.75100038;32.89552655;96.60654431;0;7.95;0;144.00;-170.00;84.00 
336;68.16021804;18.3506485;96.24785353;0;18.76;1;20.00;-152.00;8.00 
337;70.22002253;2.820240771;98.07379453;0;6.31;0;115.00;30.00;-142.00 
338;70.51780678;-10.65258331;96.46639677;0;9.18;0;167.00;51.00;109.00 
339;66.3495941;-25.78009407;97.85025279;0;6.13;1;-83.00;-159.00;-59.00 
340;59.21379788;-38.89416221;97.64497355;0;17.87;0;-87.00;42.00;-115.00 
341;49.21388604;-50.32459061;98.03257918;0;1.13;0;-88.00;-1.00;32.00 
342;37.33091652;-60.54443053;96.69935245;0;14.60;1;-51.00;11.00;164.00 
343;22.53818891;-67.05755064;96.3320971;0;8.93;0;-45.00;-153.00;56.00 
344;8.267586359;-70.67184912;96.16793051;0;1.88;0;-72.00;156.00;179.00 
345;-8.182815666;-71.060807;97.19812325;0;13.59;1;141.00;23.00;-149.00 
346;-22.52987815;-67.23135336;97.9262189;0;10.42;1;67.00;-111.00;166.00 
347;-35.37773388;-59.64093378;96.23973179;0;14.66;0;-49.00;-57.00;-13.00 
348;-47.67060311;-51.69822019;96.68808383;0;11.95;0;78.00;-55.00;128.00 
349;-58.64273349;-39.57901985;96.41927853;0;11.36;1;130.00;-103.00;-74.00 
350;-66.1991408;-25.71868501;97.48788437;0;20.90;0;-132.00;-171.00;-86.00 
351;-69.16495805;-11.15971252;97.96939682;0;17.54;0;89.00;-71.00;13.00 
352;-69.84962733;4.374972516;97.1220302;0;4.94;0;33.00;-98.00;67.00 
353;-67.94193659;19.49904876;96.26848966;0;7.44;1;-77.00;-8.00;-115.00 
354;-62.78425429;33.66830432;96.97115332;0;7.71;0;-142.00;-60.00;157.00 
355;-53.3890382;45.61897588;96.19914542;0;3.05;0;8.00;138.00;44.00 
356;-41.68941488;56.21671926;97.5256558;0;2.68;0;137.00;-132.00;-102.00 
357;-29.86001273;64.02143142;96.71230252;0;12.34;1;153.00;91.00;-2.00 
358;-14.69875808;68.48798319;97.77938627;0;17.26;0;-117.00;117.00;-71.00 
359;-0.874712593;69.75061826;96.39731485;0;9.43;1;107.00;-118.00;31.00 
360;14.28113413;69.66893407;97.04679836;0;17.99;1;-60.00;88.00;-168.00 
361;29.8666309;64.4380288;97.60788907;0;19.32;1;50.00;71.00;46.00 
362;43.49029882;55.26392225;96.93604335;0;15.75;0;-15.00;-72.00;74.00 
363;53.65390774;44.90659885;98.00654988;0;19.95;1;28.00;-132.00;174.00 
364;61.48319084;32.49086918;98.07793522;0;19.31;1;40.00;-24.00;-126.00 
365;66.98846149;19.4555386;96.40731047;0;14.61;1;-93.00;-40.00;-156.00 
366;71.07879077;3.369254251;97.78899816;0;20.36;0;119.00;-7.00;172.00 
367;69.32174267;-10.65757199;97.82943226;0;2.13;0;34.00;-58.00;-23.00 
368;66.05494151;-25.12239999;97.59061897;0;3.44;0;-65.00;-103.00;-118.00 
369;58.83826485;-40.51433594;97.80196976;0;10.66;1;-53.00;154.00;-162.00 
370;48.83631866;-52.06841213;96.43928732;0;12.81;1;-110.00;169.00;39.00 
371;36.74331895;-59.99904393;96.1393843;0;17.03;0;-64.00;64.00;-27.00 
372;22.44021839;-66.23440089;97.90442407;0;7.69;1;-170.00;-149.00;140.00 
373;7.964228064;-70.23254255;96.08564259;0;14.69;0;134.00;80.00;-141.00 
374;-7.728193772;-70.41561963;97.58466743;0;11.13;0;-6.00;-50.00;-178.00 
375;-22.12093827;-66.40716802;97.99185291;0;2.19;0;-45.00;69.00;-3.00 
376;-35.86877625;-61.31902724;96.67077213;0;17.92;1;-147.00;55.00;-106.00 
377;-49.46273172;-52.06844619;97.23681466;0;15.54;1;14.00;-7.00;122.00 
378;-58.63747687;-39.4309418;97.50384497;0;18.03;1;-111.00;10.00;-94.00 
379;-66.22302036;-26.616988;97.42103677;0;13.12;0;-169.00;13.00;75.00 
380;0.748405932;82.1780318;88.36316217;0;3.48;0;-128.00;-151.00;38.00 
381;16.08304305;80.0479763;88.17184967;0;7.40;1;-152.00;-69.00;-153.00 
382;28.69198581;75.6526375;86.71852983;0;15.99;1;132.00;169.00;-151.00 
383;44.09019295;69.22242111;87.30311714;0;4.09;1;85.00;-129.00;101.00 
384;55.51657954;59.84130397;87.15925658;0;4.35;1;-81.00;73.00;165.00 
385;65.85891148;49.24237062;86.87503158;0;10.76;0;-147.00;-51.00;117.00 
386;73.96072996;35.6243952;87.66947903;0;7.99;0;145.00;-135.00;54.00 
387;79.04952136;22.21913579;87.67233663;0;4.13;1;136.00;-4.00;-144.00 
388;81.09761562;8.4414993;86.48138225;0;11.60;0;135.00;149.00;149.00 
389;82.33044041;-8.339001485;88.22683398;0;9.49;1;31.00;94.00;-141.00 
390;78.43169295;-23.26443695;87.82307683;0;6.19;1;-82.00;21.00;134.00 
391;72.78901926;-36.56748692;87.91577659;0;1.05;0;58.00;-107.00;1.00 
392;65.053633;-49.19028321;86.52466681;0;7.37;0;145.00;48.00;-110.00 
393;55.1369764;-61.07414467;87.27896686;0;3.59;0;-160.00;27.00;-163.00 
394;43.75002855;-70.20127729;88.42108223;0;17.43;0;124.00;-130.00;175.00 
395;29.32429959;-76.04078116;87.38620598;0;14.60;0;44.00;-89.00;-180.00 
396;14.22156807;-80.55748815;87.90648458;0;14.03;1;-65.00;-132.00;104.00 
397;-0.152571788;-81.71552408;87.90976174;0;14.92;0;157.00;-9.00;-59.00 
398;-14.13052877;-81.09861335;87.04862448;0;4.59;1;-18.00;84.00;-71.00 
399;-28.72879971;-77.34170343;87.71100577;0;1.12;1;-131.00;12.00;1.00 
400;-43.32640845;-70.24129603;87.66163135;0;7.73;0;-22.00;113.00;-6.00 
401;-56.13841256;-60.46814024;88.46021061;0;4.86;0;-80.00;42.00;98.00 
402;-66.04088154;-49.96632873;87.67046794;0;5.71;1;-84.00;-68.00;-115.00 
403;-73.68306448;-36.78482632;86.87582334;0;1.23;0;-57.00;-131.00;-141.00 
404;-78.45607855;-21.90893929;86.89706156;0;12.34;1;53.00;86.00;165.00 
405;-81.38465082;-7.297881876;88.20525821;0;15.22;1;-80.00;-122.00;-78.00 
406;-82.41805602;7.55413569;88.31210904;0;1.17;0;-83.00;-7.00;-162.00 
407;-78.65652427;23.26311268;87.61995233;0;14.54;1;85.00;-129.00;-170.00 
408;-74.19331216;35.79982695;87.95775743;0;6.34;0;-113.00;-58.00;180.00 
409;-65.96682745;48.85241228;87.31925613;0;8.83;0;93.00;-136.00;-73.00 
410;-54.53953619;60.12980776;87.50096744;0;9.59;0;-1.00;-84.00;149.00 
411;-42.42369158;69.41199072;86.93259142;0;7.95;1;179.00;47.00;-26.00 
412;-30.09938299;77.48696994;87.08384041;0;16.28;1;96.00;-43.00;-166.00 
413;-14.89393909;80.6653919;87.01040239;0;3.38;1;-154.00;-177.00;-63.00 
414;-0.15574375;81.32019942;87.04472354;0;10.29;1;80.00;-115.00;82.00 
415;14.69043561;80.0929469;87.01712398;0;10.00;1;98.00;159.00;-41.00 
416;29.1750646;76.75486397;87.56011128;0;4.14;0;46.00;-1.00;-106.00 
417;43.25954886;69.76694205;87.68039309;0;19.94;0;123.00;-106.00;66.00 
418;55.0917503;61.25296757;87.57991055;0;2.53;0;114.00;108.00;-162.00 
419;65.23801404;49.57517033;88.11398154;0;7.86;1;84.00;35.00;-55.00 
420;73.07001187;35.78512531;88.41130204;0;17.35;0;49.00;124.00;-74.00 
421;78.76036812;21.66718013;87.76374885;0;17.16;1;58.00;114.00;104.00 
422;81.06160275;7.976075234;87.53764052;0;2.33;1;-142.00;-79.00;-32.00 
423;81.2819763;-7.145656575;87.92729771;0;6.30;1;-137.00;72.00;-36.00 
424;79.52648835;-22.3023118;88.19273664;0;15.89;0;-175.00;145.00;27.00 
425;72.93972278;-36.81739679;87.56652729;0;9.51;1;157.00;-125.00;-17.00 
426;66.19013298;-50.20005077;87.5997908;0;8.00;1;134.00;-58.00;146.00 
427;54.6809461;-59.86207269;87.41958846;0;19.41;1;-126.00;115.00;135.00 
428;43.19366081;-69.20867319;87.1774773;0;9.77;0;-116.00;131.00;159.00 
429;29.6773437;-76.46022668;87.00615435;0;6.51;1;149.00;-61.00;141.00 
430;-0.520683858;92.04230699;75.73340414;0;17.97;0;13.00;53.00;-61.00 
431;14.9302902;91.88852013;76.76879119;0;13.26;0;-61.00;76.00;91.00 
432;30.87674091;88.39518398;76.53566444;0;12.47;1;138.00;-119.00;-64.00 
433;43.47026539;80.88227888;77.3210775;0;18.85;1;157.00;29.00;-79.00 
434;56.06807749;73.9277989;76.0617563;0;8.82;1;-98.00;150.00;13.00 
435;68.68727241;62.10500773;76.47235339;0;2.88;1;-134.00;34.00;124.00 
436;78.07748213;51.11423647;76.21114726;0;14.30;0;-171.00;-115.00;144.00 
437;85.30515654;36.4482784;76.56598742;0;19.78;1;-147.00;158.00;42.00 
438;89.46399803;23.37483238;75.6313287;0;10.93;0;-76.00;52.00;11.00 
439;92.93537894;7.574509577;77.11151256;0;1.65;0;-163.00;72.00;78.00 
440;92.20739915;-7.39400594;76.92188036;0;13.11;1;59.00;106.00;101.00 
441;89.80075037;-23.08971493;76.99885944;0;4.98;0;156.00;45.00;124.00 
442;85.09164123;-36.64080498;76.38066314;0;4.10;0;134.00;-3.00;53.00 
443;77.7174172;-50.12893938;76.45898293;0;2.52;1;-160.00;-139.00;11.00 
444;68.94783499;-62.14186504;75.92023509;0;18.45;1;117.00;-165.00;79.00 
445;57.53651362;-71.98451612;76.74329299;0;11.38;1;79.00;-112.00;-144.00 
446;43.12908205;-81.23602727;77.19231859;0;19.15;0;74.00;-4.00;-35.00 
447;30.0568445;-87.88157497;76.86343597;0;20.25;0;-31.00;16.00;-154.00 
448;15.44154296;-90.42202342;77.32725236;0;15.29;1;-148.00;-24.00;171.00 
449;0.847336702;-91.82882641;76.55363189;0;2.61;0;-122.00;91.00;90.00 
450;-14.44630678;-92.13936212;77.18258903;0;6.79;0;-43.00;164.00;-159.00 
451;-29.50027368;-87.11839375;76.93960986;0;2.52;1;-141.00;84.00;-104.00 
452;-44.4293598;-82.06626314;76.14009187;0;7.20;0;-2.00;91.00;102.00 
453;-56.3035123;-73.63945643;77.10248997;0;13.14;1;8.00;19.00;-42.00 
454;-67.92319441;-61.74777701;76.9032204;0;2.37;1;-176.00;177.00;170.00 
455;-76.53610158;-51.27874871;75.90575412;0;7.47;1;-157.00;13.00;16.00 
456;-84.37789701;-37.58898451;75.55331268;0;14.98;0;-134.00;-179.00;-47.00 
457;-88.93468774;-23.67385247;76.84965816;0;20.54;0;-58.00;102.00;50.00 
458;-91.20847974;-8.360712715;76.11339099;0;10.87;1;165.00;31.00;-135.00 
459;-91.89813877;6.690668862;77.47215326;0;16.64;1;-159.00;107.00;-44.00 
460;-89.43490088;22.62254734;77.22349577;0;16.91;0;70.00;-12.00;56.00 
461;-83.80919208;37.12377836;76.31142981;0;12.13;0;-124.00;-152.00;-104.00 
462;-77.08905424;51.52138318;77.04411324;0;8.08;0;-46.00;-108.00;-67.00 
463;-67.37500094;62.35456679;76.91616233;0;4.51;1;33.00;-135.00;-40.00 
464;-56.81649218;73.56630616;76.62396877;0;18.56;0;-113.00;176.00;120.00 
465;-44.83286893;81.53381533;77.05282;0;16.54;1;90.00;-37.00;-131.00 
466;-30.21448293;87.34141004;76.70400283;0;17.52;1;163.00;-10.00;105.00 
467;-15.16247096;90.44702396;76.78645388;0;9.88;1;-119.00;-4.00;69.00 
468;-0.862210221;92.67780588;76.49195945;0;9.02;0;-24.00;111.00;106.00 
469;15.74419522;90.40526263;76.40553723;0;13.08;0;109.00;-98.00;-152.00 
470;29.66864298;87.55664739;76.03199276;0;17.56;0;-93.00;10.00;-66.00 
471;44.31809795;81.00412289;76.42596017;0;16.69;0;-117.00;-123.00;128.00 
472;56.54450274;73.77930402;76.74047059;0;15.68;0;-126.00;-98.00;60.00 
473;68.37410616;63.46656106;76.27249765;0;3.60;1;-137.00;-13.00;-91.00 
474;76.8273623;51.05594912;77.12238293;0;20.50;0;-179.00;-30.00;-164.00 
475;83.79613234;37.18694297;77.17956095;0;6.17;1;-41.00;74.00;17.00 
476;89.03436209;22.64983738;76.08538763;0;13.87;0;100.00;-127.00;-62.00 
477;91.47392951;7.263188285;76.03566742;0;14.77;0;29.00;-19.00;-25.00 
478;92.14909623;-6.721695337;76.54192636;0;11.05;0;110.00;-169.00;161.00 
479;89.6631723;-21.85741428;76.95371291;0;2.24;0;-111.00;0.00;53.00 
480;29.80521012;97.68608668;64.65330106;0;8.30;1;-54.00;-41.00;-99.00 
481;43.40589756;90.37825977;64.96521585;0;20.04;0;-95.00;-119.00;161.00 
482;56.45568085;83.80246302;64.78610652;0;11.94;1;105.00;87.00;26.00 
483;69.18527183;74.42139208;64.24327318;0;16.58;1;-97.00;6.00;115.00 
484;80.05523597;62.69001011;65.13138473;0;3.34;0;88.00;69.00;76.00 
485;87.74095318;50.23613925;64.63653908;0;13.14;1;-175.00;131.00;-139.00 
486;94.86317948;36.11602994;64.04581784;0;7.78;0;-85.00;153.00;174.00 
487;98.63199765;23.4760374;64.13534321;0;1.15;1;-128.00;56.00;130.00 
488;98.882331;-23.08132734;63.46595409;0;18.39;0;-113.00;-8.00;58.00 
489;94.62691191;-37.83378483;65.10747547;0;8.05;1;-166.00;-121.00;-126.00 
490;88.71580187;-50.73528465;63.71463385;0;8.85;1;154.00;-64.00;-107.00 
491;79.80916508;-63.68354041;64.46528441;0;20.57;0;-51.00;96.00;-58.00 
492;69.59752959;-73.7854248;65.20684755;0;18.03;0;-9.00;106.00;-95.00 
493;56.1718966;-83.02518455;64.24449505;0;7.59;1;-26.00;52.00;132.00 
494;43.31899022;-92.07438291;64.61216994;0;13.07;1;-82.00;104.00;179.00 
495;29.82430834;-96.20666281;64.82808102;0;3.90;1;72.00;-114.00;-91.00 
496;-29.66888067;-96.28186491;65.25533635;0;20.46;0;-176.00;0.00;-73.00 
497;-44.05721676;-90.32022179;65.27457647;0;20.43;1;14.00;-103.00;-86.00 
498;-57.24471285;-84.47856082;64.06471567;0;8.55;1;-2.00;41.00;58.00 
499;-69.86810114;-75.18308091;64.62548367;0;17.30;1;137.00;-96.00;-26.00 
500;-79.59220865;-63.98755811;64.56642993;0;5.56;1;75.00;-167.00;66.00 
501;-88.05062812;-50.15955887;63.81672695;0;13.38;0;-134.00;-51.00;-150.00 
502;-93.38074089;-37.30877864;63.3095718;0;19.98;0;-1.00;161.00;136.00 
503;-99.24169181;-21.92533101;65.19447469;0;18.53;1;61.00;-106.00;-41.00 
504;-98.53905782;21.82025428;64.0187586;0;5.53;1;-45.00;71.00;-172.00 
505;-93.74972819;37.68384078;64.58754693;0;17.05;0;147.00;-129.00;-13.00 
506;-87.4088971;49.80006064;64.31093203;0;9.40;1;164.00;-98.00;-176.00 
507;-78.51019668;62.77307399;64.3095398;0;3.95;1;12.00;88.00;-93.00 
508;-69.35613109;74.27629729;63.78689182;0;12.34;1;-42.00;-67.00;-135.00 
509;-57.57924201;83.71879392;64.62939709;0;12.67;1;-11.00;-149.00;128.00 
510;-44.57417509;90.71030423;63.34582945;0;7.04;1;-116.00;-48.00;169.00 
511;-29.49691899;97.4651017;65.25918852;0;19.89;0;117.00;146.00;-137.00 
512;29.80811908;96.49784284;65.16270915;0;9.39;0;148.00;-166.00;-45.00 
513;44.4104108;91.01418365;63.44785154;0;12.52;0;-73.00;-148.00;168.00 
514;56.87464649;84.60399746;64.33089966;0;19.02;1;23.00;-128.00;-51.00 
515;68.97021772;75.11950413;64.26092397;0;12.97;1;-49.00;-41.00;-79.00 
516;79.36527403;63.5977484;64.18742839;0;2.55;0;-26.00;-87.00;83.00 
517;88.6491946;50.61574895;63.40778823;0;14.74;0;63.00;41.00;-67.00 
518;43.54595234;98.59843643;50.44908178;0;2.56;0;123.00;-149.00;24.00 
519;57.80048735;91.85755099;51.38544106;0;5.32;1;-8.00;-180.00;-122.00 
520;69.57027418;83.22695522;50.43193319;0;18.91;0;46.00;-162.00;-34.00 
521;80.43658759;72.0071807;51.25634383;0;3.93;0;-154.00;-69.00;82.00 
522;90.47697175;60.9738078;51.77466927;0;12.67;1;116.00;109.00;-108.00 
523;97.16805158;47.08262963;51.0281027;0;16.08;1;17.00;45.00;116.00 
524;94.24167844;-53.91123014;50.40103852;0;14.56;0;-58.00;122.00;-145.00 
525;-150;0;0;1;1.00;1;0.00;0.00;0.00 
526;-145;0;0;0;1.00;1;0.00;0.00;0.00 
527;150;0;0;1;1.00;1;0.00;0.00;0.00 
528;145;0;0;0;1.00;1;0.00;0.00;0.00 
529;0;-150;0;1;1.00;1;0.00;0.00;0.00 
530;0;-145;0;0;1.00;1;0.00;0.00;0.00 
531;0;150;0;1;1.00;1;0.00;0.00;0.00 
532;0;145;0;0;1.00;1;0.00;0.00;0.00 
533;-150;0;-150;1;1.00;1;0.00;0.00;0.00 
534;-145;0;-150;0;1.00;1;0.00;0.00;0.00 
535;150;0;-150;1;1.00;1;0.00;0.00;0.00 
536;145;0;-150;0;1.00;1;0.00;0.00;0.00 
537;0;-150;-150;1;1.00;1;0.00;0.00;0.00 
538;0;-145;-150;0;1.00;1;0.00;0.00;0.00 
539;0;150;-150;1;1.00;1;0.00;0.00;0.00 
540;0;145;-150;0;1.00;1;0.00;0.00;0.00 
541;-150;0;150;1;1.00;1;0.00;0.00;0.00 
542;-145;0;150;0;1.00;1;0.00;0.00;0.00 
543;150;0;150;1;1.00;1;0.00;0.00;0.00 
544;145;0;150;0;1.00;1;0.00;0.00;0.00 
545;0;-150;150;1;1.00;1;0.00;0.00;0.00 
546;0;-145;150;0;1.00;1;0.00;0.00;0.00 
547;0;150;150;1;1.00;1;0.00;0.00;0.00 
548;0;145;150;0;1.00;1;0.00;0.00;0.00 
549;-150;0;45;1;1.00;1;0.00;0.00;0.00 
550;-145;0;45;0;1.00;1;0.00;0.00;0.00 
551;150;0;45;1;1.00;1;0.00;0.00;0.00 
552;145;0;45;0;1.00;1;0.00;0.00;0.00 
553;0;-150;45;1;1.00;1;0.00;0.00;0.00 
554;0;-145;45;0;1.00;1;0.00;0.00;0.00 
555;0;150;45;1;1.00;1;0.00;0.00;0.00 
556;0;145;45;0;1.00;1;0.00;0.00;0.00 
